name	town	access	lat	lng	address	source
Acoaxet Club	Westport Harbor	private	41.510646	-71.111117	152 Howland Rd	golfmassachusetts
Acushnet River Valley Golf Course	Acushnet	public	41.71223	-70.885492	685 Main St	golfmassachusetts
Agawam Municipal Golf Course	Feeding Hills	muni	42.063446	-72.676537	128 S. Wick St	golfmassachusetts
Allendale Country Club	North Dartmouth	private	41.622422	-70.963732	1047 Allen St	golfmassachusetts
Amesbury Golf & Country Club	Amesbury	semi	42.856934	-70.909836	50 Monroe St	golfmassachusetts
Amherst Golf Club	Amherst	semi	42.365517	-72.520464	365 S Pleasant St	golfmassachusetts
Andover Country Club	Andover	private	42.671926	-71.163496	60 Canterbury St	golfmassachusetts
Atlantic Country Club	Plymouth	semi	41.798379	-70.595526	450 Little Sandy Pond Rd	golfmassachusetts
Bas Ridge Golf Course	Hinsdale	public	42.44117	-73.12143	Plunkett St	golfmassachusetts
Bass River Golf Course	South Yarmouth	semi	41.672555	-70.182492	62 High Bank Rd	golfmassachusetts
Bass Rocks Golf Club	Gloucester	private	42.614961	-70.640267	27 Beach Rd	golfmassachusetts
Bay Path Golf Course	East Brookfield	public	42.228021	-72.065316	193 N Brookfield Rd	golfmassachusetts
Bay Pointe Country Club	Onset	semi	41.74408	-70.66156	Onset Ave	golfmassachusetts
Bayberry Hills Golf Club	West Yarmouth	semi	41.66545	-70.2295	West Yarmouth Rd	golfmassachusetts
Bear Hill Golf Club	Stoneham	private	42.337214	-71.031356	2 N St	golfmassachusetts
Beaver Brook Golf Club	Haydenville	public	42.381232	-72.709563	101 Main St	golfmassachusetts
Bedrock Golf Club	Rutland	public	42.335998	-71.973104	87 Barre-Paxton Rd	golfmassachusetts
Berkshire Hills Country Club	Pittsfield	private	42.47104	-73.22934	Benedict Rd	golfmassachusetts
Berlin Country Club	Berlin	public	42.405144	-71.632575	25 Carr Rd	golfmassachusetts
Beverly Golf & Tennis Club	Beverly	semi	42.564393	-70.893706	134 McKay St	golfmassachusetts
Black Swan Country Club	Georgetown	semi	42.718706	-71.012213	258 Andover St	golfmassachusetts
Blackstone National Golf Club	Sutton	public	42.116426	-71.770867	227 Putnam Hill Rd	golfmassachusetts
Blissful Meadows Golf Club	Uxbridge	semi	42.030751	-71.675329	801 Chocolog Rd	golfmassachusetts
Blue Rock Golf Course	South Yarmouth	semi	41.686403	-70.17771	48 Todd Rd	golfmassachusetts
Bradford Country Club	Bradford	public	42.749978	-71.064068	201 Chadwick Rd	golfmassachusetts
Braintree Municipal Golf Course	Braintree	muni	42.195994	-71.009565	101 Jefferson St	golfmassachusetts
Brockton Country Club	Brockton	private	42.047208	-71.024132	265 Samuel Ave	golfmassachusetts
Brookline Golf Course	Brookline	public	42.309626	-71.160824	1281 W Roxbury Pkwy	golfmassachusetts
Brookmeadow Country Club	Canton	public	42.154835	-71.17199	100 Everendon Rd	golfmassachusetts
Bungay Brook Golf Club	Bellingham	public	42.029702	-71.457445	30 Locust St	golfmassachusetts
Butter Brook Golf Club	Westford	semi	42.541597	-71.405406	157 Carlisle Road	golfmassachusetts
Butternut Farm Golf Club	Stow	public	42.429527	-71.51493	115 Wheeler Rd	golfmassachusetts
Candlewood Golf Club	Ipswich	public	42.657539	-70.822331	75 Essex Rd	golfmassachusetts
Cape Ann Golf Course	Essex	public	42.650054	-70.786895	99 John Wise Ave	golfmassachusetts
Cape Cod Country Club	North Falmouth	public	41.6471	-70.5999	Theater Rd	golfmassachusetts
Cape Cod National Golf Club	Brewster	private	41.732797	-70.004887	174 S Orleans Rd	golfmassachusetts
Captains Golf Course	Brewster	public	41.735901	-70.017853	1000 Freemans Way	golfmassachusetts
Cedar Glen Golf Club	Saugus	public	42.497007	-71.036435	60 Water St	golfmassachusetts
Cedar Hill Golf Club	Stoughton	public	42.106802	-71.069848	1137 Park St	golfmassachusetts
Charles River Country Club	Newton Centre	private	42.30684	-71.195587	483 Dedham St	golfmassachusetts
Charter Oak Country Club	Hudson	private	42.387453	-71.508737	15 Brent Dr	golfmassachusetts
Chatham Seaside Links	Chatham	public	41.685	-69.953318	209 Seaview St	golfmassachusetts
Chelmsford Country Club	Chelmsford	public	42.574187	-71.369232	66 Park Rd	golfmassachusetts
Chemawa Golf Course	North Attleboro	public	41.939205	-71.367478	350 Cushman Rd	golfmassachusetts
Chequessett Club	Wellfleet	public			Chequessett Neck Rd	local
Chequessett Yacht & Country Club	Wellfleet	semi	41.93701	-70.0358	Chequessett Neck Rd	golfmassachusetts
Cherry Hill Golf Course	North Amherst	public	42.420733	-72.527853	323 Montague Rd	golfmassachusetts
Chicopee Country Club	Chicopee	public	42.179489	-72.51889	1290 Burnett Rd	golfmassachusetts
Clearview Country Club	Millbury	public	42.211759	-71.775102	66 Park Hill Ave	golfmassachusetts
Cohasse Country Club	Southbridge	private	42.060296	-72.048561	426 East Ford Rd	golfmassachusetts
Cohasset Golf Club	Cohasset	private	42.25336	-70.84221	Lamberts Ln	golfmassachusetts
Cold Spring Country Club	Belchertown	public				local
Colonial Golf Club	Wakefield	public	42.514401	-71.041542	1 Audubon Rd	golfmassachusetts
Concord Country Club	Concord	private	42.448878	-71.379103	246 Old Nine Acre Corner Rd	golfmassachusetts
Cotuit Highground Golf	Cotuit	public	41.616925	-70.442964	31 Crockers Neck Rd	golfmassachusetts
Country Club of Billerica	Billerica	public	42.554991	-71.237381	51 Baldwin Rd	golfmassachusetts
Country Club of Greenfield	Greenfield	semi	42.621583	-72.592121	244 Country Club Rd	golfmassachusetts
Country Club of Halifax	Halifax	private	42.012218	-70.816043	1000 Country Club Dr	golfmassachusetts
Country Club of New Bedford	North Dartmouth	private	41.64323	-70.974329	585 Slocum Rd	golfmassachusetts
Country Club of Pittsfield	Pittsfield	private	42.427468	-73.259318	639 S St	golfmassachusetts
Country Club of Wilbraham	Wilbraham	semi	42.112965	-72.457071	859 Stoney Hill Rd	golfmassachusetts
Cranberry Valley Golf Course	Harwich	public	41.696455	-70.067091	183 Oak St	golfmassachusetts
Crestview Country Club	Agawam	private	42.0439	-72.65017	Shoemaker Ln	golfmassachusetts
Crosswinds Golf Club	Plymouth	public				local
Crumpin-Fox Club	Bernardston	semi	42.67366	-72.5303	Parmenter Rd	golfmassachusetts
Crystal Lake Golf Club	Haverhill	public				local
Crystal Springs Golf Club	Haverhill	semi	42.808375	-71.139563	940 N Broadway	golfmassachusetts
Cummaquid Golf Club	Yarmouth Port	private	41.7019	-70.2349	MarStos Ln	golfmassachusetts
Cyprian Keyes Golf Club	Boylston	public	42.334377	-71.722816	284 E Temple St	golfmassachusetts
D. W. Field Golf Course	Brockton	public	42.101092	-71.038669	331 Oak St	golfmassachusetts
Dedham Country & Polo Club	Dedham	private	42.247851	-71.210173	1925 Seth Raynor	golfmassachusetts
Dennis Highlands Golf Course	Dennis	public	41.73148	-70.181175	825 Old Bass River Rd	golfmassachusetts
Dunroamin Country Club	Gilbertville	semi	42.310622	-72.195568	262 Lower Rd	golfmassachusetts
Duxbury Yacht Club	Duxbury	private	42.04054	-70.68322	Harrison St	golfmassachusetts
East Mountain Country Club	Westfield	public	42.156732	-72.697204	1458 E Mountain Rd	golfmassachusetts
Easton Country Club	South Easton	semi	42.023909	-71.077481	265 Purchase St	golfmassachusetts
Eastward Ho Country Club	Chatham	private	41.716758	-69.98163	325 Fox Hill Rd	golfmassachusetts
Edgartown Golf Club	Edgartown	private	41.395516	-70.524246	71 Curtis Ln.	golfmassachusetts
Edge Hill Golf Course	Ashfield	public	42.55921	-72.78092	Barnes Rd	golfmassachusetts
Edgewood Golf Club	Auburn	public				golfmassachusetts
Edgewood Golf Course (MA)	Southwick	public				local
Egremont Country Club	Great Barrington	public	42.2103	-73.354	Route 23	golfmassachusetts
Ellinwood Country Club	Athol	semi	42.566732	-72.218944	1928 Pleasant St	golfmassachusetts
Essex County Club	Manchester-by-the-Sea	private	42.57542	-70.771721	School St	golfmassachusetts
Evergreen Valley Golf Course	Newburyport	public	42.825692	-70.90807	18 Boyd Dr	golfmassachusetts
Fall River Country Club	Fall River	private	41.753138	-71.120628	4232 N Main St	golfmassachusetts
Falmouth Country Club	East Falmouth	public	41.599525	-70.552803	630 Carriage Shop Rd	golfmassachusetts
Far Corner Golf Course	West Boxford	public	42.734188	-71.083412	5 Barker Road	golfmassachusetts
Farm Neck Golf Club	Oak Bluffs	semi	41.43488	-70.57004	Farm Neck Way	golfmassachusetts
Ferncroft Country Club	Middleton	private	42.60114	-70.974903	10 Village Road	golfmassachusetts
Firefly Golf Course	Seekonk	public	41.818795	-71.338807	320 Fall River Ave	golfmassachusetts
Fore Kicks Golf & Indoor Sports Complex	Norfolk	public	42.090468	-71.297517	10 Pine St	golfmassachusetts
Forest Park Country Club	Adams	public	42.6209	-73.12524	Forest Park Ave	golfmassachusetts
Four Oaks Country Club	Dracut	private	42.6854209	-71.2967719	80 Meadow Creek Drive	golfmassachusetts
Foxborough Country Club	Foxborough	semi	42.04619	-71.250279	33 Walnut St	golfmassachusetts
Framingham Country Club	Framingham	private	42.29288	-71.47062	Gates St	golfmassachusetts
Franconia Golf Course	Springfield	public	42.064152	-72.539442	619 Dwight Rd	golfmassachusetts
Franklin Country Club	Franklin	public				golfmassachusetts
Fresh Pond Golf Course	Cambridge	public	42.380519	-71.153233	691 Huron Ave	golfmassachusetts
Furnace Brook Golf Club	Quincy	semi	42.25552	-71.026277	74 Reservoir Ave	golfmassachusetts
Gannon Municipal Golf Course	Lynn	public				local
Gardner Municipal Golf Course	Gardner	muni	42.598712	-71.992584	152 Eaton Rd	golfmassachusetts
General Yes Athletic Club	Pittsfield	semi	42.475517	-73.229752	303 Crane Ave	golfmassachusetts
George Wright Golf Course	Hyde Park	public	42.268696	-71.131677	420 W St	golfmassachusetts
Glen Ellen Country Club	Millis	public	42.183729	-71.392894	84 Orchard St	golfmassachusetts
Granite Links Golf Club	Quincy	semi	42.208121	-71.053689	100 Quarry Hills Dr	golfmassachusetts
GreatHorse	Hampden	public	42.070153	-72.434677	128 Wilbraham Rd	golfmassachusetts
Green Harbor Golf Club	Marshfield	public	42.083376	-70.695877	624 Webster St	golfmassachusetts
Greenock Country Club	Lee	semi	42.30158	-73.26096	W Park St	golfmassachusetts
Groton Country Club	Groton	public	42.601041	-71.557932	94 Lovers Ln	golfmassachusetts
Hardwick Crossing Country Club	Gillbertville 	public				local
Harwich Port Golf Club	Harwich Port	semi	41.66997	-70.07779	Forest St	golfmassachusetts
Hatherly Country Club	North Scituate	private	42.22331	-70.75394	Hatherly Rd	golfmassachusetts
Haverhill Country Club	Haverhill	private	42.80857	-71.07905	Brickett Ln	golfmassachusetts
Hawthorne Country Club	North Dartmouth	private	41.617977	-70.980678	970 Tucker Rd	golfmassachusetts
Heather Hill Country Club	Plainville	public	41.99614	-71.345398	149 W Bacon St	golfmassachusetts
Hemlock Ridge Golf Course	Fiskdale	public	42.090781	-72.127918	220 Holland Rd	golfmassachusetts
Heritage Country Club	Charlton	semi	42.13216	-72.02104	Sampson Rd	golfmassachusetts
Heritage Hill Country Club	Lakeville	public	41.836939	-70.949302	17 Heritage Hill Dr	golfmassachusetts
Hickory Hill Golf Course	Methuen	public				local
Hickory Ridge Country Club	Amherst	semi	42.340246	-72.530292	191 W Pomeroy Ln	golfmassachusetts
Hidden Hollow Country Club	Rehoboth	public	41.789768	-71.247292	30 Pierce Ln	golfmassachusetts
Highfields Golf & Country Club	Grafton	public	42.18861	-71.68036	150 McGill Dr	golfmassachusetts
Highland Links	North Truro	public	42.0349	-70.0846	Lighthouse Rd	golfmassachusetts
Hillside Country Club	Rehoboth	semi	41.851319	-71.279787	82 Hillside Ave	golfmassachusetts
Hillview Golf Course	North Reading	public	42.590303	-71.108759	149 N St	golfmassachusetts
Holden Hills Country Club	Holden	public	42.364225	-71.890457	1800 Main St	golfmassachusetts
Holly Ridge Golf Club	Sandwich	public	41.68355	-70.45448	121 Country Club Rd	golfmassachusetts
Holyoke Country Club	Holyoke	semi	42.2042	-72.6167	Route 5 Smiths Ferry Rd	golfmassachusetts
Hopedale Country Club	Hopedale	semi	42.1354	-71.5466	Off Mill St	golfmassachusetts
Hopkinton Country Club	Hopkinton	private	42.23193	-71.542314	204 Saddle Hill Rd	golfmassachusetts
Hyannis Golf Club	Hyannis	public	41.6476	-70.2968	Route 132	golfmassachusetts
Hyannisport Club	Hyannis Port	private	41.6378	-70.3	Irving Ave	golfmassachusetts
Indian Meadows Golf Club	Westborough	semi	42.283031	-71.646622	275 Turnpike Rd	golfmassachusetts
Indian Pond Country Club	Kingston	private	41.977628	-70.740992	60 Country Club Way	golfmassachusetts
Ipswich Country Club	Ipswich	private	42.693806	-70.898162	148 Country Club Way	golfmassachusetts
James Brown Golf Club	North Attleboro	public				local
John F. Parker Municipal Golf Course	Taunton	muni	41.897056	-71.125322	17 Fisher St	golfmassachusetts
Juniper Hill Golf Course	Northborough	public	42.3111	-71.62735	202 Brigham St	golfmassachusetts
Kelley Greens Golf Course	Nahant	public	42.421223	-70.929537	1 Willow Rd	golfmassachusetts
Kernwood Country Club	Salem	private	42.537071	-70.903787	1 Kernwood Ave	golfmassachusetts
Kettle Brook Golf Club	Paxton	semi	42.286599	-71.930904	136 Marshall Street	golfmassachusetts
Kimball Farm Golf Club	Littleton	public	42.551656	-71.456575	400 Littleton Road (Rt. 110)	golfmassachusetts
King Rail Reserve Golf Course	Lynnfield	public				local
Kings Way Golf Club	Yarmouth Port	private	41.7047	-70.2277	Old Kings Hwy	golfmassachusetts
Lakeville Country Club	Lakeville	public	41.871067	-70.942527	44 Clear Pond Rd	golfmassachusetts
Larry Gannon Municipal Golf Course	Lynn	muni	42.491763	-70.974474	60 Great Woods Rd	golfmassachusetts
Ledgemont Country Club	Seekonk	private	41.868701	-71.325729	131 Brown Ave	golfmassachusetts
Ledges Municipal Golf Course	South Hadley	muni	42.24291	-72.59673	18 Mulligan Dr	golfmassachusetts
Leicester Country Club	Leicester	public	42.243561	-71.923802	1430 Main St	golfmassachusetts
Lexington Golf Club	Lexington	private	42.4549	-71.241966	55 Hill St	golfmassachusetts
Links at Mass Golf	Norton	public				local
Little Harbor Country Club	Wareham	public	41.72573	-70.67088	Little Harbor Rd	golfmassachusetts
Locust Valley Golf Course	Attleboro	public	41.921822	-71.286948	106 Locust St	golfmassachusetts
Longmeadow Country Club	Longmeadow	private	42.040853	-72.569852	400 Shaker Rd	golfmassachusetts
Lost Brook Golf Club	Norwood	public	42.199752	-71.173297	750 University Ave	golfmassachusetts
Ludlow Country Club	Ludlow	private	42.16095	-72.46066	Tony Lema Dr	golfmassachusetts
Lynnfield Center Golf Club	Lynnfield	public	42.53516	-71.043534	195 Summer St	golfmassachusetts
Maplegate Country Club	Bellingham	public	42.108541	-71.447115	160 Maple St	golfmassachusetts
Maplewood Golf Course	Lunenburg	public	42.606953	-71.768401	994 N. Field Rd	golfmassachusetts
Marion Golf Club	Marion	public	41.720322	-70.751171	10 S Dr	golfmassachusetts
Marlborough Country Club	Marlborough	semi	42.35552	-71.523833	200 Concord Rd	golfmassachusetts
Marshfield Country Club	Marshfield	public				golfmassachusetts
Martin Memorial Municipal Golf Course	Weston	muni	42.33817	-71.267479	190 Park Rd	golfmassachusetts
Maynard Country Club	Maynard	semi	42.44157	-71.45247	Brown St	golfmassachusetts
Meadow Brook Golf Club	Reading	private	42.544377	-71.126978	292 Grove St	golfmassachusetts
Merrimack Golf Course	Methuen	semi	42.754475	-71.172073	210 Howe St	golfmassachusetts
Merrimack Valley Golf Course	Methuen	public				local
Miacomet Golf Course	Nantucket	public	41.252608	-70.11583	12 West Miacomet Road	golfmassachusetts
Middlebrook Country Club	Rehoboth	public	41.788484	-71.242771	149 Pleasant St	golfmassachusetts
Middleton Golf Course	Middleton	public	42.583192	-71.005375	105 S Main St	golfmassachusetts
Milford Country Club	Milford	private	42.145432	-71.545403	3A Country Club Ln	golfmassachusetts
Mill Valley Country Club	Belchertown	semi	42.260994	-72.374154	380 Mill Valley Rd	golfmassachusetts
Millwood Farms Golf Course	Framingham	public	42.32163	-71.464033	175 Millwood St	golfmassachusetts
Mink Meadows Golf Club	Vineyard Haven	semi	41.449	-70.6142	Golf Club Way	golfmassachusetts
Monoosnock Country Club	Leominster	semi	42.54715	-71.73791	Monoosnock Ave	golfmassachusetts
Mount Hood Golf Course	Melrose	public	42.453987	-71.041911	60 Slayton Rd	golfmassachusetts
Mt Pleasant Golf Club (MA)	Lowell 	public				local
Mt. Pleasant Golf Club	Lowell	private	42.628534	-71.344335	141 Staples	golfmassachusetts
Myopia Hunt Club	South Hamilton	private	42.6204	-70.8619	Off Bay Rd	golfmassachusetts
Nabnasset Lake Country Club	Westford	private	42.618501	-71.414088	47 Oak Hill Rd	golfmassachusetts
Nashawtuc Country Club	Concord	private	42.416628	-71.374157	1861 Sudbury Rd	golfmassachusetts
Needham Golf Club	Needham	private	42.272146	-71.214306	49 Green St	golfmassachusetts
New England Patriot National Golf Club	Foxboro	public				local
New Meadows Golf Club	Topsfield	public	42.662494	-70.924446	30 Wildes Rd	golfmassachusetts
New Sandy Burr Country Club	Wayland	public	42.354791	-71.35734	103 Cochituate Rd	golfmassachusetts
Newton Commonwealth Golf Course	Newton	public	42.346351	-71.172099	212 Kenrick St	golfmassachusetts
Nichols College Golf Club	Dudley	semi	42.045589	-71.929639	80 Airport Rd	golfmassachusetts
Norfolk Golf Club	Westwood	private	42.22167	-71.174131	166 E St	golfmassachusetts
North Adams Country Club	Clarksburg	semi	42.726705	-73.073229	641 River Rd	golfmassachusetts
North Andover Country Club	North Andover	private	42.691497	-71.093263	500 Great Pond Rd	golfmassachusetts
North Hill Country Club	Duxbury	public	42.048772	-70.697884	29 Merry Ave	golfmassachusetts
Northampton Country Club	Leeds	semi	42.347394	-72.700688	135 Main St	golfmassachusetts
Northfield Golf Club	Northfield	semi	42.703835	-72.449097	31 Holton St	golfmassachusetts
Norton Country Club	Norton	semi	41.976299	-71.233321	188 Oak St	golfmassachusetts
Norwood Country Club	Norwood	public	42.197937	-71.186209	400 Providence Hwy	golfmassachusetts
Oak Hill Country Club	Fitchburg	private	42.561801	-71.829097	840 Oak Hill Rd	golfmassachusetts
Oak Ridge Golf Club	Gill	public	42.642323	-72.528117	231 W Gill Rd	golfmassachusetts
Ocean Edge Resort & Golf Club	Brewster	resort	41.752029	-70.059675	832 Village Dr	golfmassachusetts
Old Newbury Golf Club	Newbury	semi	42.8367	-70.8179	Route 1	golfmassachusetts
Olde Barnstable Fairgrounds Golf Club	Marstons Mills	public	41.698287	-70.383311	1460 Route 149	golfmassachusetts
Olde Salem Greens Golf Course	Salem	public				local
Olde Scotland Links	Bridgewater	public				local
Olde Scotland Links at Bridgewater	Bridgewater	public	41.949267	-71.010813	690 Pine St	golfmassachusetts
Ould Newbury Golf Club	Newburyport	public				local
Oyster Harbors Club	Osterville	private	41.620053	-70.417419	170 Grand Island Dr	golfmassachusetts
Pakachoag Golf Course	Auburn	public	42.220789	-71.814412	15 Upland St	golfmassachusetts
Patriot Golf Course	Bedford	military	42.501936	-71.272357	200 Springs Rd	golfmassachusetts
Paul Harney Golf Club	East Falmouth	public	41.627356	-70.541546	74 Club Valley Dr	golfmassachusetts
Pembroke Country Club	Pembroke	semi	42.0745	-70.82371	W Elm St	golfmassachusetts
Petersham Country Club	Petersham	semi	42.524415	-72.184952	240 N Main St	golfmassachusetts
Pine Brook Country Club	Weston	private	42.342578	-71.277342	42 Newton St	golfmassachusetts
Pine Grove Golf Course	Northampton	semi	42.295905	-72.671741	254 Wilson Rd	golfmassachusetts
Pine Knoll Executive Golf Course	East Longmeadow	public	42.084967	-72.480434	380 Porter Rd	golfmassachusetts
Pine Meadows Golf Course	Lexington	public	42.456987	-71.251747	255 Cedar St	golfmassachusetts
Pinecrest Golf Club	Holliston	public				local
Pinehills Golf Club	Plymouth	public				local
Pleasant Valley Country Club	Sutton	private	42.150416	-71.735131	95 Armsby Rd	golfmassachusetts
Plymouth Country Club	Plymouth	public				golfmassachusetts
Pocasset Golf Club	Pocasset	private	41.68361	-70.61042	Clubhouse Dr	golfmassachusetts
Ponkapoag Golf Club	Canton	public	42.191624	-71.117554	2167 Washington St	golfmassachusetts
Poquoy Brook Golf Course	Lakeville	public	41.880541	-70.963262	20 Leonard St	golfmassachusetts
Presidents Golf Course	North Quincy	public	42.268524	-71.039734	357 W Squantum St	golfmassachusetts
Quaboag Country Club	Monson	public	42.14082	-72.31066	Palmer Rd	golfmassachusetts
Quail Hollow Country Club	Oakham	semi	42.360463	-72.089674	1822 Turnpike Rd	golfmassachusetts
Quail Ridge Country Club	Acton	public			49 Skyline Drive	local
Quashnet Valley Country Club	Mashpee	semi	41.625523	-70.503563	309 Old Barnstable Rd	golfmassachusetts
Red Tail Golf Club	Devens	public	42.5335	-71.60081	15 Bulge Rd	golfmassachusetts
Reedy Meadow Golf Course	Lynnfield	public				local
Rehoboth Country Club	Rehoboth	public	41.865533	-71.257574	155 Perryville Rd	golfmassachusetts
Renaissance Country Club	Haverhill	private	42.778687	-71.038433	377 Kenoza St	golfmassachusetts
Reservation Golf Club	Mattapoisett	private	41.658078	-70.82797	10 Reservation Rd	golfmassachusetts
Ridder Farm Golf & Country Club	East Bridgewater	public	42.061702	-70.917424	300 Oak St	golfmassachusetts
Ridge Club	South Sandwich	private	41.684625	-70.448018	70 Country Club Rd	golfmassachusetts
River Bend Country Club	West Bridgewater	public	42.019532	-70.995165	250 East Center St	golfmassachusetts
River Run Golf Club	Brookfield	public				local
Rochester Golf Club	Rochester	public	41.738559	-70.838823	Roundsville Rd Route 105	golfmassachusetts
Rockland Golf Course	Rockland	public	42.126012	-70.924432	276 Plain St	golfmassachusetts
Rockport Golf Club	Rockport	semi	42.6525	-70.60508	Country Club Rd	golfmassachusetts
Rolling Green Golf Course	Andover	public	42.649369	-71.181922	311 Lowell St	golfmassachusetts
Rowley Country Club	Rowley	semi	42.718399	-70.935391	235 Dodge Rd	golfmassachusetts
Royal Crest Country Club	Walpole	private	42.142577	-71.237264	10 Rainbow Pond Dr	golfmassachusetts
Sagamore Spring Golf Club	Lynnfield	public	42.559708	-71.040441	1287 Main St	golfmassachusetts
Salem Municipal Golf Course	Salem	muni	42.50642	-70.90582	Wilson St	golfmassachusetts
Sandwich Hollows Golf Club	East Sandwich	semi	41.72756	-70.45034	Round Hill Rd	golfmassachusetts
Sandy Burr Country Club	Wayland	public				local
Sankaty Head Golf Club	Siasconset	private	41.2621	-69.9667	Pulpise Rd	golfmassachusetts
Sassamon Trace	Natick	public	42.26717	-71.359053	233 S Main St	golfmassachusetts
Scituate Country Club	Scituate	semi	42.177152	-70.74461	91 Old Driftway Rd	golfmassachusetts
Segregansett Country Club	Taunton	private	41.877267	-71.175156	2 Gulliver Rd	golfmassachusetts
Settlers Crossing Golf Course	Lunenburg	public				local
Shaker Farms Country Club	Westfield	semi	42.08738	-72.72589	Shaker Rd	golfmassachusetts
Shaker Hills Golf Club	Harvard	public	42.54502	-71.555555	146 Shaker Rd	golfmassachusetts
Sharon Country Club	Sharon	private	42.111516	-71.166542	149 E St	golfmassachusetts
Shining Rock Golf Club	Northbridge	public				local
Siasconset Golf Course	Siasconset	public	41.2621	-69.9667	Milestone Rd	golfmassachusetts
South Shore Country Club	Hingham	public				local
Southampton Country Club	Southampton	public	42.210855	-72.72696	329 College Hwy	golfmassachusetts
Southborough Golf Club	Southborough	public				local
Southers Marsh Golf Club	Plymouth	public	41.911543	-70.689874	30 Southers Marsh Ln	golfmassachusetts
Southwick Country Club	Southwick	public	42.077001	-72.768612	739 College Hwy	golfmassachusetts
Spring Valley Country Club	Sharon	private	42.151309	-71.188771	25 Tiot St	golfmassachusetts
Springfield Country Club	West Springfield	private	42.122835	-72.627197	1375 Elm St	golfmassachusetts
Squirrel Run Country Club	Plymouth	public	41.93503	-70.7226	Carver Rd	golfmassachusetts
St. Anne Country Club	Feeding Hills	public	42.056248	-72.664935	781 Shoemaker Ln	golfmassachusetts
St. Marks Golf Club at St Marks School	Southborough	semi	42.295113	-71.527222	32 Cordaville Rd Rte 85	golfmassachusetts
Sterling Country Club	Sterling	public				golfmassachusetts
Stockbridge Golf Club	Stockbridge	private	42.28229	-73.31214	Main St	golfmassachusetts
Stone - E - Lea Golf Course	Attleboro	public	41.914637	-71.323406	1411 County St	golfmassachusetts
Stoneham Oaks Golf Course	Stoneham	public	42.480703	-71.110815	101 Montvale Ave	golfmassachusetts
Stow Acres Country Club	Stow	public	42.416241	-71.526924	58 Randall Rd	golfmassachusetts
Stowaway Golf Course	Stow	public	42.424781	-71.476436	121 White Pond Rd	golfmassachusetts
Strawberry Valley Golf Club	Abington	public	42.096643	-70.950341	164 Washington St	golfmassachusetts
Sun Valley Golf Course	Rehoboth	public				local
Swansea Country Club	Swansea	semi	41.761699	-71.269178	299 Market St	golfmassachusetts
Swanson Meadows Golf Course	North Billerica	public				local
Taconic Golf Club	Williamstown	semi	42.7094	-73.20216	Meacham St	golfmassachusetts
Tatnuck Country Club	Worcester	private	42.279015	-71.863444	1222 Pleasant St	golfmassachusetts
Tedesco Country Club	Marblehead	private	42.485723	-70.894072	154 Tedesco St	golfmassachusetts
Tekoa Country Club	Westfield	public	42.130779	-72.783121	459 Russell Rd	golfmassachusetts
Tewksbury Country Club	Tewksbury	public	42.594544	-71.206582	85 Livingston St	golfmassachusetts
The Blandford Club	Blandford	private	42.19138	-72.93361	N St	golfmassachusetts
The Brookside Golf Club	Bourne	public	41.722129	-70.586739	1 Brigadoon Rd	golfmassachusetts
The Cape Club	North Falmouth	semi	41.620952	-70.622638	125 Falmouth Woods Road	golfmassachusetts
The Club at New Seabury	Mashpee	resort	41.559688	-70.480626	95 Shore Drive West	golfmassachusetts
The Club at Southport	Mashpee	public				local
The International Golf Club	Bolton	private	42.431629	-71.643496	159 Ballville Rd	golfmassachusetts
The Kittansett Club	Marion	private	41.677956	-70.717102	11 Point Rd	golfmassachusetts
The Meadow At Peabody	Peabody	public	42.515642	-70.940456	80 Granite St	golfmassachusetts
The Meadows Golf Course	Greenfield	public	42.57352	-72.59643	Deerfield St	golfmassachusetts
The Milton-Hoosic Club	Canton	private	42.204404	-71.138601	70 Green Lodge St	golfmassachusetts
The Nantucket Golf Club	Siasconset	private	41.262273	-69.984616	250 Milestone Rd	golfmassachusetts
The New England Country Club	Bellingham	public	42.020377	-71.485607	180 Paine St	golfmassachusetts
The Ranch Golf Club	Southwick	public	42.08626	-72.77464	100 Ranch Club Rd	golfmassachusetts
The Tournament Players Club of Boston	Norton	private	41.982975	-71.223297	405 Arnold Palmer Blvd.	golfmassachusetts
The Woods of Westminster	Westminster	public	42.583766	-71.873856	90 Bean Porridge Hill Rd	golfmassachusetts
Thomas Memorial Golf & Country Club	Turners Falls	semi	42.59352	-72.55936	Country Club Ln	golfmassachusetts
Thorny Lea Golf Club	Brockton	private	42.073384	-71.048545	159 Torrey St	golfmassachusetts
Touisset Country Club	Swansea	public				local
Townsend Ridge Country Club	Townsend	public	42.668509	-71.721424	40 Scales Ln	golfmassachusetts
Trull Brook Golf Course	Tewksbury	public	42.648617	-71.265887	170 River Rd	golfmassachusetts
Turner Hill Golf and Racquet Club	Ipswich	private	42.724001	-70.86625	5 Manor House Lane	golfmassachusetts
Twin Brooks Golf Course	Hyannis	public				local
Twin Springs Golf Course	Bolton	public	42.440284	-71.652945	295 Wilder Rd	golfmassachusetts
Tyngsboro Country Club	Tyngsboro	public	42.6711	-71.415	Pawtuckett Blvd	golfmassachusetts
Unicorn Golf Course	Stoneham	public	42.489294	-71.112996	460 William St	golfmassachusetts
Vesper Country Club	Tyngsboro	private	42.654504	-71.393917	185 Pawtucket Blvd	golfmassachusetts
Veterans Memorial Golf Course	Springfield	public	42.103397	-72.505068	1059 S Branch Pkwy	golfmassachusetts
Wachusett Country Club	West Boylston	public	42.362743	-71.788211	187 Prospect St	golfmassachusetts
Wading River Golf Course	Norton	public	41.950293	-71.228169	300 W Main St	golfmassachusetts
Wahconah Country Club	Dalton	semi	42.474398	-73.145248	15 Orchard Rd	golfmassachusetts
Walpole Country Club	Walpole	private	42.135991	-71.232383	233 Baker St	golfmassachusetts
Wampanoag Golf Course	North Swansea	public	41.771965	-71.27596	168 Old Providence Rd	golfmassachusetts
Wampatuck Country Club	Canton	private	42.163211	-71.125533	99 Pleasant Garden Rd	golfmassachusetts
Waubeeka Golf Links	Williamstown	public	42.656953	-73.239874	137 New Ashford Rd	golfmassachusetts
Waverly Oaks Golf Club	Plymouth	public	41.884838	-70.624901	444 Long Pond Rd	golfmassachusetts
Wayland Country Club	Wayland	public	42.374149	-71.377066	121 Old Sudbury Rd	golfmassachusetts
Weathervane Golf Club	Weymouth	public				local
Wedgewood Pines Country Club	Stow	private	42.442143	-71.538087	215 Harvard Rd	golfmassachusetts
Wellesley Country Club	Wellesley Hills	private	42.300606	-71.260595	294 Wellesley Ave	golfmassachusetts
Wenham Country Club	Wenham	semi	42.60022	-70.888869	94 Main St	golfmassachusetts
Wentworth Hills Golf & Country Club	Plainville	semi	42.012132	-71.374191	27 Bow St	golfmassachusetts
West Bridgewater Country Club	West Bridgewater	public				local
Westborough Country Club	Westborough	semi	42.263391	-71.624114	121 W Main St	golfmassachusetts
Westminster Country Club	Westminster	semi	42.541547	-71.931691	51 Ellis Rd	golfmassachusetts
Westminster Golf and Country Club	Westminster	public			51 Ellis Rd	local
Weston Golf Club	Weston	private	42.361191	-71.289117	275 Meadowbrook Rd	golfmassachusetts
Westover Golf Club	Granby	public	42.21711	-72.52729	S St	golfmassachusetts
Whaling City Golf Course	New Bedford	public			561 Hathaway Rd	local
Whaling City Golf Course at New Bedford	New Bedford	public	41.653292	-70.961043	561 Hathaway Rd	golfmassachusetts
White Cliffs Country Club	Plymouth	private	41.943767	-70.630889	1 Cliff Dr	golfmassachusetts
White Pines Golf Course	Brockton	public	42.04348	-71.017461	549 Copeland St	golfmassachusetts
Whitinsville Golf Club	Whitinsville	private	42.107025	-71.659638	179 Fletcher St	golfmassachusetts
Wianno Club	Osterville	private	41.618226	-70.38488	389 Parker Rd	golfmassachusetts
Widows Walk Golf Course	Scituate	public	42.20031	-70.772667	250 The Driftway	golfmassachusetts
William Devine Golf Course At Franklin Park	Dorchester	public			1 Circuit Dr	local
William J. Devine Franklin Park Golf Course	Dorchester	public	42.302101	-71.089738	1 Circuit Dr	golfmassachusetts
Willowbend	Mashpee	private	41.624616	-70.459254	100 Willow Bend Dr	golfmassachusetts
Willowdale Golf Course	Mansfield	public	42.017803	-71.22508	54 Willow St	golfmassachusetts
Winchendon Country Club	Winchendon	public	42.674916	-72.03642	172 Ash St	golfmassachusetts
Winthrop Golf Club	Winthrop	private	42.379949	-70.979762	453 Main St	golfmassachusetts
Woburn Country Club	Woburn	public	42.461457	-71.167803	1 Country Club Rd	golfmassachusetts
Wollaston Golf Club	Milton	private	42.231982	-71.070847	999 Randolph Ave	golfmassachusetts
Woodbriar - Falmouth	Falmouth	public	41.562029	-70.609893	339 Gifford St	golfmassachusetts
Woodland Golf Club	Auburndale	private	42.334908	-71.24322	1897 Washington St	golfmassachusetts
Woods Hole Golf Club	Falmouth	private	41.531341	-70.662772	130 Quissett Ave	golfmassachusetts
Worcester Country Club	Worcester	private	42.323814	-71.776212	2 Rice St	golfmassachusetts
Worcester Green Hill Municipal Golf Club	Worcester	muni	42.287844	-71.778158	2 Green Hill Ave	golfmassachusetts
Worthington Golf Club	Worthington	semi	42.407623	-72.944966	113 Ridge Rd	golfmassachusetts
Wyantenuck Country Club	Great Barrington	private	42.16873	-73.37905	West Sheffield Rd	golfmassachusetts
Wyckoff Country Club	Holyoke	private	42.21691	-72.66353	233 E Hampton Rd	golfmassachusetts
